{"2": [[-0.58203125]], "4": [[-1.296875]], "6": [[0.0137939453125]], "8": [[0.369140625, -0.08642578125]], "10": [[1.671875, -0.77734375, 0.0126953125, -0.021484375], [0.0673828125, 2.171875, -0.0286865234375, 0.0172119140625]], "12": [[-0.2314453125, 0.0255126953125, 0.0093994140625, -0.134765625, 0.00872802734375, -0.0031890869140625], [0.00023937225341796875, -0.1171875, 0.0010528564453125, -0.0167236328125, -0.00286865234375, 0.00106048583984375], [0.06787109375, 0.2314453125, 0.1630859375, -0.65625, 0.042724609375, -0.005401611328125], [0.0030975341796875, 0.0135498046875, 0.07470703125, 1.109375, 0.0159912109375, -0.007568359375]], "14": [[-0.435546875, -0.16015625, -0.0166015625, 0.28515625, -0.0712890625, 0.052001953125], [-0.0074462890625, 0.09228515625, -0.007354736328125, 0.0218505859375, 0.00946044921875, -0.01007080078125], [0.1396484375, 0.061767578125, 0.251953125, 1.0546875, 0.1494140625, 0.03173828125], [0.01123046875, -0.04150390625, -0.0164794921875, 0.07080078125, 0.004486083984375, 0.005767822265625], [0.02587890625, -0.1044921875, -0.0166015625, 0.1396484375, 0.310546875, -0.1513671875], [0.00040435791015625, 0.0439453125, 0.00156402587890625, -0.029052734375, 0.1611328125, 0.212890625]], "16": [[0.2890625, 0.007171630859375, -0.01165771484375, 0.06298828125, 0.017822265625, 0.03857421875], [-0.0291748046875, 0.10498046875, 0.03466796875, -0.130859375, -0.0155029296875, -0.03271484375], [0.01171875, 0.0458984375, 0.46875, 1.1875, 0.142578125, -0.0341796875], [0.010498046875, 0.001495361328125, -0.0096435546875, 0.6015625, -0.025634765625, -0.00872802734375], [-0.00162506103515625, 0.0164794921875, -0.06640625, 0.58984375, 0.09130859375, 0.0654296875], [0.025634765625, 0.006500244140625, -0.051025390625, 0.09912109375, 0.023681640625, -0.341796875]], "18": [[3.359375, 0.11181640625, -0.1796875, -0.0296630859375, 0.06494140625], [-1.7890625, 0.53125, 0.296875, 0.06494140625, 0.002471923828125], [-0.28515625, 0.03125, 1.109375, 0.25390625, 0.010009765625], [0.0128173828125, 0.00286865234375, -0.06298828125, 0.126953125, -0.007293701171875], [0.004241943359375, -0.00099945068359375, -0.361328125, 0.34375, 0.60546875], [0.0010833740234375, 0.0004787445068359375, 0.0291748046875, 0.01263427734375, -0.0057373046875]], "20": [[1.453125, 0.0030364990234375, -0.17578125, 0.005828857421875], [-1.1875, 0.68359375, 1.0703125, 0.0166015625], [0.000522613525390625, -0.0004215240478515625, 2.015625, 0.043212890625], [-0.07666015625, 0.01220703125, -0.62890625, 0.412109375], [-0.1611328125, 0.005157470703125, -0.91796875, 0.12255859375]], "22": [[0.62890625, 0.0026092529296875, -0.044189453125, -0.0013275146484375], [-0.62890625, 0.6640625, 1.546875, 0.04541015625], [-0.04248046875, -0.0033416748046875, 0.6171875, 0.0081787109375], [0.22265625, 0.01458740234375, -0.79296875, 0.57421875]], "24": [[0.11083984375, -0.00274658203125, -0.006317138671875], [0.291015625, 0.7109375, 0.83203125], [-0.00830078125, -0.0033416748046875, 0.451171875], [0.05126953125, 0.0184326171875, -0.1728515625]], "26": [[0.96875, 0.00677490234375, -0.00360107421875], [-0.0830078125, 0.88671875, 0.267578125], [-0.01361083984375, -0.00173187255859375, 0.3125]], "28": [[0.3984375, -0.0283203125], [0.279296875, 0.7578125], [-0.00787353515625, -0.00677490234375]], "30": [[0.78515625, -0.050048828125], [0.291015625, 0.91015625]], "32": [[-0.9140625, 0.94140625], [0.1396484375, 2.125]]}